-- phpMyAdmin SQL Dump
-- version 4.7.7
-- https://www.phpmyadmin.net/
--
-- Servidor: localhost
-- Tiempo de generación: 02-05-2018 a las 01:16:27
-- Versión del servidor: 10.1.30-MariaDB
-- Versión de PHP: 7.2.1

SET SQL_MODE = "NO_AUTO_VALUE_ON_ZERO";
SET AUTOCOMMIT = 0;
START TRANSACTION;
SET time_zone = "+00:00";


/*!40101 SET @OLD_CHARACTER_SET_CLIENT=@@CHARACTER_SET_CLIENT */;
/*!40101 SET @OLD_CHARACTER_SET_RESULTS=@@CHARACTER_SET_RESULTS */;
/*!40101 SET @OLD_COLLATION_CONNECTION=@@COLLATION_CONNECTION */;
/*!40101 SET NAMES utf8mb4 */;

--
-- Base de datos: `mantenimientoTpi`
--

-- --------------------------------------------------------

--
-- Estructura de tabla para la tabla `AREA`
--

CREATE TABLE `AREA` (
  `ID` int(11) NOT NULL,
  `NOMBRE` varchar(45) NOT NULL,
  `OBSERVACIONES` varchar(45) DEFAULT NULL
) ENGINE=InnoDB DEFAULT CHARSET=utf8;

--
-- Volcado de datos para la tabla `AREA`
--

INSERT INTO `AREA` (`ID`, `NOMBRE`, `OBSERVACIONES`) VALUES
(1, 'Laboratorio1', 'NINGUNA'),
(2, 'LABORATORIO2', 'NINGUNA'),
(3, 'LABORATORIO3', 'NINGUNA'),
(4, 'LABORATORIO4', 'NINGU'),
(5, 'LABORATORIO5', 'NINGUNA'),
(6, 'LABORATORIO6', 'NINGUNA'),
(7, 'LABORATORIO7', 'NINGUNA'),
(8, 'LABORATORIO8', 'NINGUNA'),
(9, 'LABORATORIO9', 'NINGUNA'),
(10, 'LABORATORIO10', 'NINGUNA');

-- --------------------------------------------------------

--
-- Estructura de tabla para la tabla `CALENDARIO`
--

CREATE TABLE `CALENDARIO` (
  `ID` int(11) NOT NULL,
  `FECHA` date NOT NULL,
  `ID_EQUIPO` int(11) NOT NULL
) ENGINE=InnoDB DEFAULT CHARSET=utf8;

-- --------------------------------------------------------

--
-- Estructura de tabla para la tabla `DETALLE_EQUIPO`
--

CREATE TABLE `DETALLE_EQUIPO` (
  `ID` int(11) NOT NULL,
  `ID_EQUIPO` int(11) NOT NULL,
  `ID_HARDWARE` int(11) NOT NULL,
  `ID_MODELO` int(11) NOT NULL,
  `NO_INVENTARIO` int(11) DEFAULT NULL,
  `NO_SERIE` int(11) DEFAULT NULL,
  `TAMANIO` int(11) DEFAULT NULL,
  `OBSERVACIONES` varchar(300) DEFAULT NULL
) ENGINE=InnoDB DEFAULT CHARSET=utf8;

-- --------------------------------------------------------

--
-- Estructura de tabla para la tabla `DETALLE_PETICION`
--

CREATE TABLE `DETALLE_PETICION` (
  `ID` int(11) NOT NULL,
  `ID_PETICION` int(11) NOT NULL,
  `ID_EQUIPO` int(11) NOT NULL,
  `OBSERVACIONES` varchar(300) DEFAULT NULL
) ENGINE=InnoDB DEFAULT CHARSET=utf8;

-- --------------------------------------------------------

--
-- Estructura de tabla para la tabla `DIAGNOSTICO_HARDWARE`
--

CREATE TABLE `DIAGNOSTICO_HARDWARE` (
  `ID_ORDEN_TRABAJO` int(11) NOT NULL,
  `ID_HARDWARE` int(11) NOT NULL,
  `DIAGNOSTICO` varchar(300) NOT NULL,
  `ID_PROCEDIMIENTO_APLICADO` int(11) NOT NULL,
  `OBSERVACIONES` varchar(300) DEFAULT NULL
) ENGINE=InnoDB DEFAULT CHARSET=utf8;

-- --------------------------------------------------------

--
-- Estructura de tabla para la tabla `DIAGNOSTICO_SOFTWARE`
--

CREATE TABLE `DIAGNOSTICO_SOFTWARE` (
  `ID_ORDEN_TRABAJO` int(11) NOT NULL,
  `DIAGNOSTICO` varchar(300) NOT NULL,
  `ID_PROCEDIMIENTO_APLICADO` int(11) NOT NULL,
  `OBSERVACIONES` varchar(300) DEFAULT NULL
) ENGINE=InnoDB DEFAULT CHARSET=utf8;

-- --------------------------------------------------------

--
-- Estructura de tabla para la tabla `EQUIPO`
--

CREATE TABLE `EQUIPO` (
  `ID` int(11) NOT NULL,
  `ID_MODELO` int(11) NOT NULL,
  `ID_AREA` int(11) NOT NULL,
  `NO_SERIE` int(11) DEFAULT NULL,
  `NO_INVENTARIO` int(11) DEFAULT NULL,
  `OS` varchar(45) NOT NULL,
  `LICENCIA` tinyint(1) NOT NULL,
  `USUARIO` varchar(45) DEFAULT NULL,
  `OBSERVACIONES` varchar(45) DEFAULT NULL
) ENGINE=InnoDB DEFAULT CHARSET=utf8;

--
-- Volcado de datos para la tabla `EQUIPO`
--

INSERT INTO `EQUIPO` (`ID`, `ID_MODELO`, `ID_AREA`, `NO_SERIE`, `NO_INVENTARIO`, `OS`, `LICENCIA`, `USUARIO`, `OBSERVACIONES`) VALUES
(1, 1, 2, 1, 1, 'GNU_LINUX_DEBIAN', 1, 'ESPE-CHAN', 'NINGUNA'),
(2, 6, 3, 2, 1, 'WINDOWS10', 1, 'MATEO', 'NINGUNA'),
(3, 7, 3, NULL, NULL, 'WINDOWS10', 1, 'SENSENTE', 'NINGUNA'),
(4, 10, 5, NULL, NULL, 'GNU_LINUX_DEBIAN', 1, 'IKKI', 'NINGUNA'),
(5, 5, 8, NULL, 2, 'GNU_LINUX_DEBIAN', 1, 'ALEX', 'NINGUNA'),
(6, 6, 1, 4, 2, 'WINDOWS10', 1, 'ELIZABETH', 'NINGUNA'),
(7, 8, 10, 7, 3, 'GNU_LINUX_UBUNTU', 1, 'ALFREDO', 'NINGUNA'),
(8, 5, 6, NULL, NULL, 'GNU_LINUX_ARCH', 1, 'BRUCE_WAYNE', 'ES BATMAN'),
(9, 6, 8, 8, 2, 'WINDOWS10', 1, 'KAKAROTO', 'NINGUNO'),
(10, 2, 5, NULL, NULL, 'WINDOWS10', 1, 'MATEO', 'NINGUNO');

-- --------------------------------------------------------

--
-- Estructura de tabla para la tabla `ESTADO`
--

CREATE TABLE `ESTADO` (
  `ID` int(11) NOT NULL,
  `NOMBRE` varchar(45) NOT NULL,
  `DESCRIPCION` varchar(300) NOT NULL
) ENGINE=InnoDB DEFAULT CHARSET=utf8;

-- --------------------------------------------------------

--
-- Estructura de tabla para la tabla `EXCEPCION_CALENDARIO`
--

CREATE TABLE `EXCEPCION_CALENDARIO` (
  `FECHA` date NOT NULL,
  `DESCRIPCION` varchar(300) NOT NULL
) ENGINE=InnoDB DEFAULT CHARSET=utf8;

-- --------------------------------------------------------

--
-- Estructura de tabla para la tabla `HARDWARE`
--

CREATE TABLE `HARDWARE` (
  `ID` int(11) NOT NULL,
  `NOMBRE` varchar(45) NOT NULL,
  `UNIDAD_MEDIDA` varchar(45) DEFAULT NULL,
  `OBSERVACIONES` varchar(300) DEFAULT NULL
) ENGINE=InnoDB DEFAULT CHARSET=utf8;

--
-- Volcado de datos para la tabla `HARDWARE`
--

INSERT INTO `HARDWARE` (`ID`, `NOMBRE`, `UNIDAD_MEDIDA`, `OBSERVACIONES`) VALUES
(1, 'DISCO_DURO', '1TB', 'NINGUNA'),
(2, 'IMPRESORA', NULL, NULL),
(3, 'MOUSE', NULL, NULL),
(4, 'TECLADO', NULL, NULL),
(5, 'MONITOR_10PLG', NULL, NULL),
(6, 'FOTOCOPIADORA', NULL, NULL),
(7, 'FAX', NULL, NULL),
(8, 'SCANNER', NULL, NULL),
(9, 'CASE', NULL, NULL),
(10, 'FUENTE_DE_PODER', NULL, NULL);

-- --------------------------------------------------------

--
-- Estructura de tabla para la tabla `MARCA`
--

CREATE TABLE `MARCA` (
  `ID` int(11) NOT NULL,
  `NOMBRE` varchar(45) NOT NULL,
  `ACTIVO` tinyint(1) NOT NULL,
  `OBSERVACIONES` varchar(300) DEFAULT NULL
) ENGINE=InnoDB DEFAULT CHARSET=utf8;

--
-- Volcado de datos para la tabla `MARCA`
--

INSERT INTO `MARCA` (`ID`, `NOMBRE`, `ACTIVO`, `OBSERVACIONES`) VALUES
(1, 'DELL', 1, 'NINGUNA'),
(2, 'TOSHIBA', 1, 'NINGUNA'),
(3, 'COMPAQ', 1, 'NINGUNA'),
(4, 'LENOVO', 1, 'NINGUNA'),
(5, 'AZUS', 1, 'NINGUNA'),
(6, 'ACER', 1, 'NINGUNA'),
(7, 'VAIO', 1, 'NINGUNA'),
(8, 'MAC', 1, 'NINGUNA'),
(9, 'ALIENWARE', 1, 'NINGUNA'),
(10, 'HEWLET_PAKARD', 1, 'NINGUNA');

-- --------------------------------------------------------

--
-- Estructura de tabla para la tabla `MODELO`
--

CREATE TABLE `MODELO` (
  `ID` int(11) NOT NULL,
  `ID_MARCA` int(11) NOT NULL,
  `NOMBRE` varchar(45) NOT NULL,
  `OBSERVACIONES` varchar(300) DEFAULT NULL
) ENGINE=InnoDB DEFAULT CHARSET=utf8;

--
-- Volcado de datos para la tabla `MODELO`
--

INSERT INTO `MODELO` (`ID`, `ID_MARCA`, `NOMBRE`, `OBSERVACIONES`) VALUES
(1, 1, 'MODELO1', 'NINGUNA'),
(2, 2, 'MODELO1', 'NINGUNA'),
(3, 4, 'MODELO1', 'NINGUNA'),
(4, 1, 'MODELO2', 'NINGUNA'),
(5, 1, 'MODELO3', 'NINGUNA'),
(6, 7, 'MODELO1', 'NINGUNA'),
(7, 1, 'MODELO4', 'NINGUNA'),
(8, 2, 'MODELO2', 'NINGUNA'),
(9, 2, 'MODELO3', 'NINGUNA'),
(10, 3, 'MODELO2', 'NINGUNA');

-- --------------------------------------------------------

--
-- Estructura de tabla para la tabla `ORDEN_TRABAJO`
--

CREATE TABLE `ORDEN_TRABAJO` (
  `ID` int(11) NOT NULL,
  `ID_DETALLE_PETICION` int(11) NOT NULL,
  `FECHA_ENTRADA` date NOT NULL,
  `FECHA_SALIDA` date DEFAULT NULL,
  `ID_ENCARGADO_MANTENIMIENTO` int(11) NOT NULL,
  `ID_TIPO_MANTENIMIENTO` int(11) NOT NULL,
  `ID_ESTADO` int(11) NOT NULL
) ENGINE=InnoDB DEFAULT CHARSET=utf8;

-- --------------------------------------------------------

--
-- Estructura de tabla para la tabla `ORIGEN_PETICION`
--

CREATE TABLE `ORIGEN_PETICION` (
  `ID` int(11) NOT NULL,
  `NOMBRE` varchar(45) NOT NULL
) ENGINE=InnoDB DEFAULT CHARSET=utf8;

-- --------------------------------------------------------

--
-- Estructura de tabla para la tabla `PASOS`
--

CREATE TABLE `PASOS` (
  `ID` int(11) NOT NULL,
  `NOMBRE` varchar(45) NOT NULL,
  `DESCRIPCION` varchar(300) NOT NULL
) ENGINE=InnoDB DEFAULT CHARSET=utf8;

-- --------------------------------------------------------

--
-- Estructura de tabla para la tabla `PASOS_PROCEDIMIENTO`
--

CREATE TABLE `PASOS_PROCEDIMIENTO` (
  `ID_PROCEDIMIENTO` int(11) NOT NULL,
  `ID_PASO` int(11) NOT NULL,
  `CORRELATIVO` int(11) NOT NULL,
  `ID` int(11) NOT NULL
) ENGINE=InnoDB DEFAULT CHARSET=utf8;

-- --------------------------------------------------------

--
-- Estructura de tabla para la tabla `PERSONAL_MANTENIMIENTO`
--

CREATE TABLE `PERSONAL_MANTENIMIENTO` (
  `DUI` int(11) NOT NULL,
  `NOMBRES` varchar(50) NOT NULL,
  `APELLIDOS` varchar(50) NOT NULL,
  `TELEFONO` varchar(8) NOT NULL,
  `EMAIL` varchar(75) NOT NULL
) ENGINE=InnoDB DEFAULT CHARSET=utf8;

-- --------------------------------------------------------

--
-- Estructura de tabla para la tabla `PETICION`
--

CREATE TABLE `PETICION` (
  `ID` int(11) NOT NULL,
  `ID_ORIGEN` int(11) NOT NULL,
  `FECHA` date NOT NULL,
  `OBSERVACIONES` varchar(300) DEFAULT NULL
) ENGINE=InnoDB DEFAULT CHARSET=utf8;

-- --------------------------------------------------------

--
-- Estructura de tabla para la tabla `PROCEDIMIENTO`
--

CREATE TABLE `PROCEDIMIENTO` (
  `ID` int(11) NOT NULL,
  `NOMBRE` varchar(45) NOT NULL,
  `DESCRIPCION` varchar(45) NOT NULL
) ENGINE=InnoDB DEFAULT CHARSET=utf8;

-- --------------------------------------------------------

--
-- Estructura de tabla para la tabla `TIPO_MANTENIMIENTO`
--

CREATE TABLE `TIPO_MANTENIMIENTO` (
  `ID` int(11) NOT NULL,
  `NOMBRE` varchar(45) NOT NULL,
  `DESCRIPCION` varchar(300) NOT NULL
) ENGINE=InnoDB DEFAULT CHARSET=utf8;

--
-- Índices para tablas volcadas
--

--
-- Indices de la tabla `AREA`
--
ALTER TABLE `AREA`
  ADD PRIMARY KEY (`ID`);

--
-- Indices de la tabla `CALENDARIO`
--
ALTER TABLE `CALENDARIO`
  ADD PRIMARY KEY (`ID`);

--
-- Indices de la tabla `DETALLE_EQUIPO`
--
ALTER TABLE `DETALLE_EQUIPO`
  ADD PRIMARY KEY (`ID`),
  ADD KEY `FK_ID_HARDWARE_idx` (`ID_HARDWARE`),
  ADD KEY `FK_ID_MODELO_idx` (`ID_MODELO`),
  ADD KEY `FK_ID_EQUIPO` (`ID_EQUIPO`);

--
-- Indices de la tabla `DETALLE_PETICION`
--
ALTER TABLE `DETALLE_PETICION`
  ADD PRIMARY KEY (`ID`),
  ADD KEY `FK_ID_EQUIPO_idx` (`ID_EQUIPO`),
  ADD KEY `FK_ID_PETICION_DP` (`ID_PETICION`);

--
-- Indices de la tabla `DIAGNOSTICO_HARDWARE`
--
ALTER TABLE `DIAGNOSTICO_HARDWARE`
  ADD PRIMARY KEY (`ID_ORDEN_TRABAJO`),
  ADD KEY `FK_ID_HARDWARE_idx` (`ID_HARDWARE`),
  ADD KEY `FK_ID_APPLIED_PROCEDURE_idx` (`ID_PROCEDIMIENTO_APLICADO`);

--
-- Indices de la tabla `DIAGNOSTICO_SOFTWARE`
--
ALTER TABLE `DIAGNOSTICO_SOFTWARE`
  ADD PRIMARY KEY (`ID_ORDEN_TRABAJO`),
  ADD KEY `FK_APPLIED_PROCEDURE_idx` (`ID_PROCEDIMIENTO_APLICADO`);

--
-- Indices de la tabla `EQUIPO`
--
ALTER TABLE `EQUIPO`
  ADD PRIMARY KEY (`ID`),
  ADD KEY `FK_ID_MODELO_idx1` (`ID_MODELO`),
  ADD KEY `FK_ID_AREA_idx` (`ID_AREA`);

--
-- Indices de la tabla `ESTADO`
--
ALTER TABLE `ESTADO`
  ADD PRIMARY KEY (`ID`);

--
-- Indices de la tabla `EXCEPCION_CALENDARIO`
--
ALTER TABLE `EXCEPCION_CALENDARIO`
  ADD PRIMARY KEY (`FECHA`);

--
-- Indices de la tabla `HARDWARE`
--
ALTER TABLE `HARDWARE`
  ADD PRIMARY KEY (`ID`);

--
-- Indices de la tabla `MARCA`
--
ALTER TABLE `MARCA`
  ADD PRIMARY KEY (`ID`),
  ADD UNIQUE KEY `NOMBRE_UNIQUE` (`NOMBRE`);

--
-- Indices de la tabla `MODELO`
--
ALTER TABLE `MODELO`
  ADD PRIMARY KEY (`ID`),
  ADD KEY `FK_ID_MARCA_idx` (`ID_MARCA`);

--
-- Indices de la tabla `ORDEN_TRABAJO`
--
ALTER TABLE `ORDEN_TRABAJO`
  ADD PRIMARY KEY (`ID`),
  ADD KEY `FK_ID_ENCARGADO_MTTO_idx` (`ID_ENCARGADO_MANTENIMIENTO`),
  ADD KEY `FK_ID_TIPO_MTTO_idx` (`ID_TIPO_MANTENIMIENTO`),
  ADD KEY `FK_ID_ESTADO_idx` (`ID_ESTADO`),
  ADD KEY `FK_ID_DETALLE_PETICION_idx` (`ID_DETALLE_PETICION`);

--
-- Indices de la tabla `ORIGEN_PETICION`
--
ALTER TABLE `ORIGEN_PETICION`
  ADD PRIMARY KEY (`ID`);

--
-- Indices de la tabla `PASOS`
--
ALTER TABLE `PASOS`
  ADD PRIMARY KEY (`ID`);

--
-- Indices de la tabla `PASOS_PROCEDIMIENTO`
--
ALTER TABLE `PASOS_PROCEDIMIENTO`
  ADD PRIMARY KEY (`ID`),
  ADD KEY `FK_ID_PASO_idx` (`ID_PASO`),
  ADD KEY `FK_ID_PROCEDIMIENTO` (`ID_PROCEDIMIENTO`);

--
-- Indices de la tabla `PERSONAL_MANTENIMIENTO`
--
ALTER TABLE `PERSONAL_MANTENIMIENTO`
  ADD PRIMARY KEY (`DUI`);

--
-- Indices de la tabla `PETICION`
--
ALTER TABLE `PETICION`
  ADD PRIMARY KEY (`ID`),
  ADD KEY `FK_ID_ORIGEN_idx` (`ID_ORIGEN`);

--
-- Indices de la tabla `PROCEDIMIENTO`
--
ALTER TABLE `PROCEDIMIENTO`
  ADD PRIMARY KEY (`ID`);

--
-- Indices de la tabla `TIPO_MANTENIMIENTO`
--
ALTER TABLE `TIPO_MANTENIMIENTO`
  ADD PRIMARY KEY (`ID`);

--
-- AUTO_INCREMENT de las tablas volcadas
--

--
-- AUTO_INCREMENT de la tabla `AREA`
--
ALTER TABLE `AREA`
  MODIFY `ID` int(11) NOT NULL AUTO_INCREMENT, AUTO_INCREMENT=11;

--
-- AUTO_INCREMENT de la tabla `CALENDARIO`
--
ALTER TABLE `CALENDARIO`
  MODIFY `ID` int(11) NOT NULL AUTO_INCREMENT;

--
-- AUTO_INCREMENT de la tabla `DETALLE_EQUIPO`
--
ALTER TABLE `DETALLE_EQUIPO`
  MODIFY `ID` int(11) NOT NULL AUTO_INCREMENT;

--
-- AUTO_INCREMENT de la tabla `DETALLE_PETICION`
--
ALTER TABLE `DETALLE_PETICION`
  MODIFY `ID` int(11) NOT NULL AUTO_INCREMENT;

--
-- AUTO_INCREMENT de la tabla `EQUIPO`
--
ALTER TABLE `EQUIPO`
  MODIFY `ID` int(11) NOT NULL AUTO_INCREMENT, AUTO_INCREMENT=11;

--
-- AUTO_INCREMENT de la tabla `ESTADO`
--
ALTER TABLE `ESTADO`
  MODIFY `ID` int(11) NOT NULL AUTO_INCREMENT;

--
-- AUTO_INCREMENT de la tabla `HARDWARE`
--
ALTER TABLE `HARDWARE`
  MODIFY `ID` int(11) NOT NULL AUTO_INCREMENT, AUTO_INCREMENT=11;

--
-- AUTO_INCREMENT de la tabla `MARCA`
--
ALTER TABLE `MARCA`
  MODIFY `ID` int(11) NOT NULL AUTO_INCREMENT, AUTO_INCREMENT=11;

--
-- AUTO_INCREMENT de la tabla `MODELO`
--
ALTER TABLE `MODELO`
  MODIFY `ID` int(11) NOT NULL AUTO_INCREMENT, AUTO_INCREMENT=11;

--
-- AUTO_INCREMENT de la tabla `ORDEN_TRABAJO`
--
ALTER TABLE `ORDEN_TRABAJO`
  MODIFY `ID` int(11) NOT NULL AUTO_INCREMENT;

--
-- AUTO_INCREMENT de la tabla `ORIGEN_PETICION`
--
ALTER TABLE `ORIGEN_PETICION`
  MODIFY `ID` int(11) NOT NULL AUTO_INCREMENT;

--
-- AUTO_INCREMENT de la tabla `PASOS`
--
ALTER TABLE `PASOS`
  MODIFY `ID` int(11) NOT NULL AUTO_INCREMENT;

--
-- AUTO_INCREMENT de la tabla `PASOS_PROCEDIMIENTO`
--
ALTER TABLE `PASOS_PROCEDIMIENTO`
  MODIFY `ID` int(11) NOT NULL AUTO_INCREMENT;

--
-- AUTO_INCREMENT de la tabla `PETICION`
--
ALTER TABLE `PETICION`
  MODIFY `ID` int(11) NOT NULL AUTO_INCREMENT;

--
-- AUTO_INCREMENT de la tabla `PROCEDIMIENTO`
--
ALTER TABLE `PROCEDIMIENTO`
  MODIFY `ID` int(11) NOT NULL AUTO_INCREMENT;

--
-- AUTO_INCREMENT de la tabla `TIPO_MANTENIMIENTO`
--
ALTER TABLE `TIPO_MANTENIMIENTO`
  MODIFY `ID` int(11) NOT NULL AUTO_INCREMENT;

--
-- Restricciones para tablas volcadas
--

--
-- Filtros para la tabla `DETALLE_EQUIPO`
--
ALTER TABLE `DETALLE_EQUIPO`
  ADD CONSTRAINT `FK_ID_EQUIPO` FOREIGN KEY (`ID_EQUIPO`) REFERENCES `EQUIPO` (`ID`) ON DELETE NO ACTION ON UPDATE NO ACTION,
  ADD CONSTRAINT `FK_ID_HARDWARE` FOREIGN KEY (`ID_HARDWARE`) REFERENCES `HARDWARE` (`ID`) ON DELETE NO ACTION ON UPDATE NO ACTION,
  ADD CONSTRAINT `FK_ID_MODELO` FOREIGN KEY (`ID_MODELO`) REFERENCES `MODELO` (`ID`) ON DELETE NO ACTION ON UPDATE NO ACTION;

--
-- Filtros para la tabla `DETALLE_PETICION`
--
ALTER TABLE `DETALLE_PETICION`
  ADD CONSTRAINT `FK_ID_EQUIPO_DP` FOREIGN KEY (`ID_EQUIPO`) REFERENCES `EQUIPO` (`ID`) ON DELETE NO ACTION ON UPDATE NO ACTION,
  ADD CONSTRAINT `FK_ID_PETICION_DP` FOREIGN KEY (`ID_PETICION`) REFERENCES `PETICION` (`ID`) ON DELETE NO ACTION ON UPDATE NO ACTION;

--
-- Filtros para la tabla `DIAGNOSTICO_HARDWARE`
--
ALTER TABLE `DIAGNOSTICO_HARDWARE`
  ADD CONSTRAINT `FK_ID_APPLIED_PROCEDURE_HW` FOREIGN KEY (`ID_PROCEDIMIENTO_APLICADO`) REFERENCES `PROCEDIMIENTO` (`ID`) ON DELETE NO ACTION ON UPDATE NO ACTION,
  ADD CONSTRAINT `FK_ID_HARDWARE_DH` FOREIGN KEY (`ID_HARDWARE`) REFERENCES `HARDWARE` (`ID`) ON DELETE NO ACTION ON UPDATE NO ACTION,
  ADD CONSTRAINT `FK_ID_ORDEN_TRABAJO_DH` FOREIGN KEY (`ID_ORDEN_TRABAJO`) REFERENCES `ORDEN_TRABAJO` (`ID`) ON DELETE NO ACTION ON UPDATE NO ACTION;

--
-- Filtros para la tabla `DIAGNOSTICO_SOFTWARE`
--
ALTER TABLE `DIAGNOSTICO_SOFTWARE`
  ADD CONSTRAINT `FK_APPLIED_PROCEDURE_SW` FOREIGN KEY (`ID_PROCEDIMIENTO_APLICADO`) REFERENCES `PROCEDIMIENTO` (`ID`) ON DELETE NO ACTION ON UPDATE NO ACTION,
  ADD CONSTRAINT `FK_ID_ORDEN_TRABAJO` FOREIGN KEY (`ID_ORDEN_TRABAJO`) REFERENCES `ORDEN_TRABAJO` (`ID`) ON DELETE NO ACTION ON UPDATE NO ACTION;

--
-- Filtros para la tabla `EQUIPO`
--
ALTER TABLE `EQUIPO`
  ADD CONSTRAINT `FK_ID_AREA` FOREIGN KEY (`ID_AREA`) REFERENCES `AREA` (`ID`) ON DELETE NO ACTION ON UPDATE NO ACTION,
  ADD CONSTRAINT `FK_ID_MODELO_EQ` FOREIGN KEY (`ID_MODELO`) REFERENCES `MODELO` (`ID`) ON DELETE NO ACTION ON UPDATE NO ACTION;

--
-- Filtros para la tabla `MODELO`
--
ALTER TABLE `MODELO`
  ADD CONSTRAINT `FK_ID_MARCA` FOREIGN KEY (`ID_MARCA`) REFERENCES `MARCA` (`ID`) ON DELETE NO ACTION ON UPDATE NO ACTION;

--
-- Filtros para la tabla `ORDEN_TRABAJO`
--
ALTER TABLE `ORDEN_TRABAJO`
  ADD CONSTRAINT `FK_ID_DETALLE_PETICION` FOREIGN KEY (`ID_DETALLE_PETICION`) REFERENCES `DETALLE_PETICION` (`ID`) ON DELETE NO ACTION ON UPDATE NO ACTION,
  ADD CONSTRAINT `FK_ID_ENCARGADO_MTTO` FOREIGN KEY (`ID_ENCARGADO_MANTENIMIENTO`) REFERENCES `PERSONAL_MANTENIMIENTO` (`DUI`) ON DELETE NO ACTION ON UPDATE NO ACTION,
  ADD CONSTRAINT `FK_ID_ESTADO` FOREIGN KEY (`ID_ESTADO`) REFERENCES `ESTADO` (`ID`) ON DELETE NO ACTION ON UPDATE NO ACTION,
  ADD CONSTRAINT `FK_ID_TIPO_MTTO` FOREIGN KEY (`ID_TIPO_MANTENIMIENTO`) REFERENCES `TIPO_MANTENIMIENTO` (`ID`) ON DELETE NO ACTION ON UPDATE NO ACTION;

--
-- Filtros para la tabla `PASOS_PROCEDIMIENTO`
--
ALTER TABLE `PASOS_PROCEDIMIENTO`
  ADD CONSTRAINT `FK_ID_PASO` FOREIGN KEY (`ID_PASO`) REFERENCES `PASOS` (`ID`) ON DELETE NO ACTION ON UPDATE NO ACTION,
  ADD CONSTRAINT `FK_ID_PROCEDIMIENTO` FOREIGN KEY (`ID_PROCEDIMIENTO`) REFERENCES `PROCEDIMIENTO` (`ID`) ON DELETE NO ACTION ON UPDATE NO ACTION;

--
-- Filtros para la tabla `PETICION`
--
ALTER TABLE `PETICION`
  ADD CONSTRAINT `FK_ID_ORIGEN` FOREIGN KEY (`ID_ORIGEN`) REFERENCES `ORIGEN_PETICION` (`ID`) ON DELETE NO ACTION ON UPDATE NO ACTION;
COMMIT;

/*!40101 SET CHARACTER_SET_CLIENT=@OLD_CHARACTER_SET_CLIENT */;
/*!40101 SET CHARACTER_SET_RESULTS=@OLD_CHARACTER_SET_RESULTS */;
/*!40101 SET COLLATION_CONNECTION=@OLD_COLLATION_CONNECTION */;
